year,quarter,agg_level,State,MHire,MSep,MJobStart,MJobEnd,EEHire,EESep,AQHire,AQSep,J2JHire,J2JSep,NEHire,ENSep,NEPersist,ENPersist,NEFullQ,ENFullQ,MainB,MainE,EESepS,EEHireS,AQSepS,AQHireS,NEPersistS,ENPersistS,JobStayS,MainBS,MainES,NEHireSEarn_Dest,ENSepSEarn_Orig,JobStaySEarn_Orig,JobStaySEarn_Dest,EESepSEarn_Orig,EEHireSEarn_Dest,AQSepSEarn_Orig,AQHireSEarn_Dest,sMHire,sMSep,sMJobStart,sMJobEnd,sEEHire,sEESep,sAQHire,sAQSep,sJ2JHire,sJ2JSep,sNEHire,sENSep,sNEPersist,sENPersist,sNEFullQ,sENFullQ,sMainB,sMainE,sEESepS,sEEHireS,sAQSepS,sAQHireS,sNEPersistS,sENPersistS,sJobStayS,sMainBS,sMainES,sNEHireSEarn_Dest,sENSepSEarn_Orig,sJobStaySEarn_Orig,sJobStaySEarn_Dest,sEESepSEarn_Orig,sEEHireSEarn_Dest,sAQSepSEarn_Orig,sAQHireSEarn_Dest
2000,2,1025,1,1989515,1683131,2105801,1841690,629120,625358,,270950,,896308,1252641,992356,,721405,,639445,12804320,13061596,,,,,,,,,11254536,,,,,,,,,1,1,1,1,1,1,-1,1,-1,1,1,1,-1,1,-1,1,1,1,-1,-1,-1,-1,-1,-1,-1,-1,1,-1,-1,-1,-1,-1,5,-1,-1
2000,3,1025,1,1923798,1800785,2044194,1962895,650838,650778,270646,262928,921484,913706,1162956,1080846,892310,817918,790745,728004,13065023,13136780,337135,338814,117021,,569932,482656,9819247,11075259,11374537,6141,6923,11482,11970,8640,10066,7717,,1,1,1,1,1,1,1,1,1,1,1,1,1,1,1,1,1,1,1,1,1,-1,1,1,1,1,1,1,1,1,1,1,1,1,-1
2000,4,1025,1,1733314,1757694,1854648,1903785,575457,572172,263221,272287,838678,844459,1062493,1116649,799273,844362,695776,767113,13139218,13081406,296315,297607,126503,117376,538202,539189,9949535,11215854,11520544,5414,8381,11743,12578,9126,10051,10033,8423,1,1,1,1,1,1,1,1,1,1,1,1,1,1,1,1,1,1,1,1,1,1,1,1,1,1,1,1,1,1,1,1,1,1,1
2001,1,1025,1,1645403,1554863,1758487,1702257,506709,507559,271339,252504,778048,760064,1042593,985225,771255,732721,678820,651299,13076269,13124913,267816,267840,112148,125412,507367,483628,10188883,11345582,11410219,5974,8162,12355,12491,9793,10125,8955,10005,1,1,1,1,1,1,1,1,1,1,1,1,1,1,1,1,1,1,1,1,1,1,1,1,1,1,1,1,1,1,1,1,1,1,1
2001,2,1025,1,1800853,1710305,1922453,1856999,529429,532749,250201,264653,779630,797402,1176854,1107384,926653,842731,843693,755260,13131409,13189191,277841,275984,130331,111266,571879,593220,10167029,11486331,11440714,5747,9208,12281,11619,9402,9300,8956,8550,1,1,1,1,1,1,1,1,1,1,1,1,1,1,1,1,1,1,1,1,1,1,1,1,1,1,1,1,1,1,1,1,1,1,1
2001,3,1025,1,1689880,1742764,1811231,1888302,517818,521407,260636,241392,778455,762799,1079437,1151594,818801,910202,726850,821841,13191935,13107273,268016,265840,112870,128117,529439,573186,10147150,11391398,11423472,5784,7559,11581,11383,8673,9347,8375,8652,1,1,1,1,1,1,1,1,1,1,1,1,1,1,1,1,1,1,1,1,1,1,1,1,1,1,1,1,1,1,1,1,1,1,1
2001,4,1025,1,1485316,1678532,1604850,1809409,430839,430934,239910,254345,670749,685279,974004,1180562,734094,926217,644700,853830,13114000,12898282,223245,222023,123927,111539,508079,627269,10176489,11424297,11498632,5498,7844,11213,12335,8705,8964,10865,7714,1,1,1,1,1,1,1,1,1,1,1,1,1,1,1,1,1,1,1,1,1,1,1,1,1,1,1,1,1,1,1,1,1,1,1
2002,1,1025,1,1464379,1394878,1572651,1528045,385659,385597,253025,219191,638684,604788,994695,951876,741670,732686,657720,664826,12900549,12938934,203750,203749,100573,122433,497586,514333,10345923,11416536,11414177,5860,8022,12130,12079,9598,9384,8795,9747,1,1,1,1,1,1,1,1,1,1,1,1,1,1,1,1,1,1,1,1,1,1,1,1,1,1,1,1,1,1,1,1,1,1,1
2002,2,1025,1,1683414,1519738,1797993,1660544,442635,443004,218404,225894,661039,668898,1151326,1014044,932922,788150,854025,714890,12939659,13071411,231077,230968,111700,100005,584296,566685,10286023,11476062,11455458,5818,7486,11986,11618,8678,9160,8442,8367,1,1,1,1,1,1,1,1,1,1,1,1,1,1,1,1,1,1,1,1,1,1,1,1,1,1,1,1,1,1,1,1,1,1,1
2002,3,1025,1,1631019,1610375,1746821,1753405,475942,478297,224352,219059,700294,697355,1064136,1067566,839784,848507,752854,769165,13072753,13059135,245581,244335,102333,110997,541099,537709,10230728,11389994,11470984,5981,7189,11592,11505,8505,9466,8069,8566,1,1,1,1,1,1,1,1,1,1,1,1,1,1,1,1,1,1,1,1,1,1,1,1,1,1,1,1,1,1,1,1,1,1,1
2002,4,1025,1,1482306,1585570,1598892,1716181,407782,406897,219211,234111,626993,641008,994467,1113966,775256,879856,687358,814878,13061558,12945598,210246,209891,114687,102243,538068,585444,10269552,11429555,11597594,5612,7431,11377,12502,8431,8933,10312,7795,1,1,1,1,1,1,1,1,1,1,1,1,1,1,1,1,1,1,1,1,1,1,1,1,1,1,1,1,1,1,1,1,1,1,1
2003,1,1025,1,1423986,1342079,1530803,1478873,369748,369928,233334,200264,603082,570192,968619,917880,735285,717616,654782,656048,12946637,12993360,197107,196790,89810,113425,504068,494317,10439302,11465116,11541223,5906,7835,12321,12253,9384,9575,8771,9306,1,1,1,1,1,1,1,1,1,1,1,1,1,1,1,1,1,1,1,1,1,1,1,1,1,1,1,1,1,1,1,1,1,1,1
2003,2,1025,1,1566923,1447522,1681295,1587439,406049,408279,198182,215797,604231,624076,1074931,978339,876749,762542,804532,692606,12994445,13083334,216161,215100,107459,88870,552405,553548,10422592,11570147,11526276,6014,7279,12158,11959,8850,9451,8253,8435,1,1,1,1,1,1,1,1,1,1,1,1,1,1,1,1,1,1,1,1,1,1,1,1,1,1,1,1,1,1,1,1,1,1,1
2003,3,1025,1,1585398,1550619,1700222,1693963,447976,450747,213513,216155,661489,666902,1047306,1037446,833794,821291,752963,745856,13085719,13082651,238007,235856,99903,106212,542416,536437,10370748,11518505,11553884,6020,8739,11850,11920,8633,9839,7879,8570,1,1,1,1,1,1,1,1,1,1,1,1,1,1,1,1,1,1,1,1,1,1,1,1,1,1,1,1,1,1,1,1,1,1,1
2003,4,1025,1,1505179,1530393,1623624,1674603,409755,409529,215373,225359,625128,634888,1004819,1057251,789446,831893,699503,769320,13085980,13036346,210199,208929,108953,98733,531107,558655,10358112,11500778,11664569,5517,7455,11830,12964,8756,9198,10035,7669,1,1,1,1,1,1,1,1,1,1,1,1,1,1,1,1,1,1,1,1,1,1,1,1,1,1,1,1,1,1,1,1,1,1,1
2004,1,1025,1,1424195,1371871,1540641,1510966,387520,395181,215305,225480,602825,620661,951902,914982,736597,689502,655831,623017,13039023,13059952,209894,205702,98662,103386,500617,458708,10511222,11533552,11589800,7569,7748,12790,12819,9577,9891,8768,10105,1,1,1,1,1,1,1,1,1,1,1,1,1,1,1,1,1,1,1,1,1,1,1,1,1,1,1,1,1,1,1,1,1,1,1
2004,2,1025,1,1702354,1471379,1820581,1624724,452371,455906,220025,225019,672396,680925,1154159,953835,934134,728816,854372,660741,13060143,13256190,246090,241654,113394,96006,593528,526964,10461871,11636494,11660108,6264,7393,12720,12343,8982,9909,8293,8517,1,1,1,1,1,1,1,1,1,1,1,1,1,1,1,1,1,1,1,1,1,1,1,1,1,1,1,1,1,1,1,1,1,1,1
2004,3,1025,1,1645521,1596685,1768240,1752706,493030,501162,220157,226896,713187,728058,1054317,1029203,834161,802307,747229,728132,13258117,13272906,268329,262334,106274,109302,548124,507027,10395011,11555359,11700583,6369,7296,12385,12497,9071,10619,8236,9236,1,1,1,1,1,1,1,1,1,1,1,1,1,1,1,1,1,1,1,1,1,1,1,1,1,1,1,1,1,1,1,1,1,1,1
2004,4,1025,1,1533463,1574035,1656905,1717913,447501,453528,221139,231809,668641,685337,999940,1053753,778801,821944,690429,762754,13274257,13214003,244995,240337,111329,102521,542281,555924,10447781,11629150,11866880,5451,7567,12374,13928,9180,9658,9910,7956,1,1,1,1,1,1,1,1,1,1,1,1,1,1,1,1,1,1,1,1,1,1,1,1,1,1,1,1,1,1,1,1,1,1,1
2005,1,1025,1,1460313,1347598,1579629,1498765,410547,414598,226625,218377,637173,632975,958593,874483,731968,656106,651802,595659,13211564,13293034,226818,223612,98453,107810,494830,447829,10641611,11679572,11771409,6216,8423,13710,13112,10575,10733,9203,9945,1,1,1,1,1,1,1,1,1,1,1,1,1,1,1,1,1,1,1,1,1,1,1,1,1,1,1,1,1,1,1,1,1,1,1
2005,2,1025,1,1739479,1522792,1865934,1687060,492435,499441,214024,242559,706459,742000,1144006,958377,929982,715818,857536,645979,13293002,13472007,273347,268764,123627,95328,583234,516830,10607529,11832958,11785272,6555,7538,12998,12879,9379,10742,8494,9365,1,1,1,1,1,1,1,1,1,1,1,1,1,1,1,1,1,1,1,1,1,1,1,1,1,1,1,1,1,1,1,1,1,1,1
2005,3,1025,1,1789508,1687529,1916780,1855303,564567,573799,236369,234429,800936,808227,1116725,1044666,880356,810237,793577,733920,13473808,13536029,313197,305933,109786,119514,581253,516594,10490746,11734340,11922745,6344,7619,12890,13409,9307,10635,8341,9329,1,1,1,1,1,1,1,1,1,1,1,1,1,1,1,1,1,1,1,1,1,1,1,1,1,1,1,1,1,1,1,1,1,1,1
2005,4,1025,1,1577818,1614780,1712160,1771236,480322,486141,229017,239758,709339,725899,1005047,1056632,776030,816874,685946,752278,13538534,13478420,257432,253048,112399,105712,533734,538423,10550312,11748799,12050824,5948,8113,13285,14244,9757,10374,10202,8679,1,1,1,1,1,1,1,1,1,1,1,1,1,1,1,1,1,1,1,1,1,1,1,1,1,1,1,1,1,1,1,1,1,1,1
2006,1,1025,1,1547603,1428705,1669897,1587559,459408,464250,234260,228092,693668,692341,991347,903401,757086,675309,675960,610046,13477572,13559583,255957,252607,103642,108978,510395,458155,10798586,11899945,11969072,6489,8520,13980,14380,10396,10962,9395,10355,1,1,1,1,1,1,1,1,1,1,1,1,1,1,1,1,1,1,1,1,1,1,1,1,1,1,1,1,1,1,1,1,1,1,1
2006,2,1025,1,1762766,1591761,1895527,1759311,511174,525469,223989,246215,735163,771685,1148292,997510,924303,751295,848679,678990,13560210,13696515,292432,280611,125264,100594,579956,534855,10742480,12013230,12016753,6517,8210,14247,13424,10618,10819,9156,9348,1,1,1,1,1,1,1,1,1,1,1,1,1,1,1,1,1,1,1,1,1,1,1,1,1,1,1,1,1,1,1,1,1,1,1
2006,3,1025,1,1716588,1681446,1850999,1850667,537972,548212,238800,237335,776772,785547,1073044,1060975,834244,823640,750129,744128,13699045,13699275,299604,291990,110948,120278,546265,518684,10699525,11936138,12085031,6566,7632,13412,13421,9706,11061,8520,9668,1,1,1,1,1,1,1,1,1,1,1,1,1,1,1,1,1,1,1,1,1,1,1,1,1,1,1,1,1,1,1,1,1,1,1
2006,4,1025,1,1541935,1615836,1679554,1771439,460937,467288,231112,242083,692049,709371,989554,1074152,758442,832069,672720,766166,13701776,13610284,251806,247299,116267,107041,521697,554596,10769528,11985449,12214666,6002,8293,13284,14792,9917,10923,10383,8948,1,1,1,1,1,1,1,1,1,1,1,1,1,1,1,1,1,1,1,1,1,1,1,1,1,1,1,1,1,1,1,1,1,1,1
2007,1,1025,1,1522494,1396764,1648448,1557697,428818,431215,237812,225007,666630,656223,996516,903737,758705,678730,676771,613805,13613471,13703772,238470,236183,103336,113126,516710,459737,10987720,12070818,12162845,6902,8763,14547,14889,10928,11503,9982,10734,1,1,1,1,1,1,1,1,1,1,1,1,1,1,1,1,1,1,1,1,1,1,1,1,1,1,1,1,1,1,1,1,1,1,1
2007,2,1025,1,1703618,1541693,1837221,1707784,486914,489414,222512,240711,709426,730125,1115428,982777,892916,742066,818344,669561,13706199,13835556,270184,268949,122447,101355,562833,526647,10950116,12183300,12206924,6732,8517,14753,14056,10867,11373,9966,9563,1,1,1,1,1,1,1,1,1,1,1,1,1,1,1,1,1,1,1,1,1,1,1,1,1,1,1,1,1,1,1,1,1,1,1
2007,3,1025,1,1687576,1628884,1822717,1796630,500442,503931,238032,228237,738474,732167,1083088,1052524,845056,824288,761071,749203,13837612,13863167,278439,275618,109293,120377,556424,522716,10923516,12133294,12269520,6940,8222,14010,13945,10527,11787,9238,10240,1,1,1,1,1,1,1,1,1,1,1,1,1,1,1,1,1,1,1,1,1,1,1,1,1,1,1,1,1,1,1,1,1,1,1
2007,4,1025,1,1496652,1593312,1636338,1747546,423194,427086,225474,220655,648668,647741,984821,1091318,759347,870663,674420,811015,13865800,13753123,231298,228956,108512,107365,528398,584258,10971576,12177755,12391870,6189,8917,13768,15405,10627,11453,12154,9161,1,1,1,1,1,1,1,1,1,1,1,1,1,1,1,1,1,1,1,1,1,1,1,1,1,1,1,1,1,1,1,1,1,1,1
2008,1,1025,1,1365391,1361812,1492889,1513748,369714,371624,217158,209782,586872,581406,907809,927459,690651,717677,618452,658422,13754499,13732871,209230,208190,99016,106141,478791,494632,11192666,12257808,12306669,7050,9882,15115,14966,12266,12408,10842,11767,1,1,1,1,1,1,1,1,1,1,1,1,1,1,1,1,1,1,1,1,1,1,1,1,1,1,1,1,1,1,1,1,1,1,1
2008,2,1025,1,1550067,1426873,1680307,1585052,394192,394565,207896,203944,602088,598509,1061694,966775,853799,762831,788407,699640,13736038,13831136,220454,220464,107111,97675,548138,562105,11194968,12370060,12311487,7275,8452,14824,14138,11426,11912,10041,10642,1,1,1,1,1,1,1,1,1,1,1,1,1,1,1,1,1,1,1,1,1,1,1,1,1,1,1,1,1,1,1,1,1,1,1
2008,3,1025,1,1409379,1518702,1542652,1669939,393664,397882,200688,182983,594352,580865,928949,1049735,728261,866753,659896,798881,13832782,13703450,219349,217453,91413,105427,481335,571065,11135498,12282395,12195016,7229,8207,14141,14088,11073,12437,9643,10376,1,1,1,1,1,1,1,1,1,1,1,1,1,1,1,1,1,1,1,1,1,1,1,1,1,1,1,1,1,1,1,1,1,1,1
2008,4,1025,1,1207888,1508532,1342564,1645338,303558,304634,181557,163675,485115,468309,831638,1132852,650081,969177,587077,921424,13703417,13398855,173311,171910,86240,90502,466524,691410,11100182,12294338,12181276,6307,8895,14004,15189,11305,11517,12571,9177,1,1,1,1,1,1,1,1,1,1,1,1,1,1,1,1,1,1,1,1,1,1,1,1,1,1,1,1,1,1,1,1,1,1,1
2009,1,1025,1,980460,1217782,1100927,1343714,225161,225356,162340,150850,387502,376207,690544,933753,528204,782903,479880,737112,13398279,13153714,133845,133874,75829,85097,374837,582545,11188251,12191049,11957381,6802,10615,14964,14452,12840,12503,10920,11797,1,1,1,1,1,1,1,1,1,1,1,1,1,1,1,1,1,1,1,1,1,1,1,1,1,1,1,1,1,1,1,1,1,1,1
2009,2,1025,1,1187172,1195904,1304317,1327402,242098,242374,150456,142127,392554,384501,872781,896231,722325,754104,679878,708868,13154697,13130108,141190,141579,78928,75604,475497,598528,11129174,12174555,11901101,6761,8646,14360,13780,11225,11446,10535,9773,1,1,1,1,1,1,1,1,1,1,1,1,1,1,1,1,1,1,1,1,1,1,1,1,1,1,1,1,1,1,1,1,1,1,1
2009,3,1025,1,1151412,1228330,1266308,1360389,258760,260382,141099,135211,399858,395594,820366,911466,679267,776255,627040,728242,13134395,13038569,147772,146436,70569,78240,455288,542652,10976404,11947283,11793563,7163,8755,13787,13676,11091,12748,9993,10743,1,1,1,1,1,1,1,1,1,1,1,1,1,1,1,1,1,1,1,1,1,1,1,1,1,1,1,1,1,1,1,1,1,1,1
2009,4,1025,1,1078656,1244553,1193772,1369143,234003,234282,134225,141454,368228,375736,778756,953096,644531,811642,593345,773668,13038966,12861947,136072,134867,76224,69072,472017,587205,10884091,11888034,11861792,6056,8864,13591,15360,10833,11427,12779,9046,1,1,1,1,1,1,1,1,1,1,1,1,1,1,1,1,1,1,1,1,1,1,1,1,1,1,1,1,1,1,1,1,1,1,1
2010,1,1025,1,1004443,1000640,1112124,1126712,211026,212491,139921,131932,350947,344424,726300,739487,586379,607554,538517,571278,12855064,12839636,126981,126198,65517,74809,420479,448189,10944119,11777462,11714530,7216,9578,15204,14403,12767,12803,11046,12286,1,1,1,1,1,1,1,1,1,1,1,1,1,1,1,1,1,1,1,1,1,1,1,1,1,1,1,1,1,1,1,1,1,1,1
2010,2,1025,1,1305736,1126039,1416414,1263448,272135,270664,130912,142340,403046,413004,954601,803221,823689,660881,778512,620518,12840153,12993984,161688,162803,79132,65016,552800,515089,10855635,11836206,11777605,7429,8192,14332,14172,11201,12344,10485,10479,1,1,1,1,1,1,1,1,1,1,1,1,1,1,1,1,1,1,1,1,1,1,1,1,1,1,1,1,1,1,1,1,1,1,1
2010,3,1025,1,1281627,1216976,1393404,1356370,306127,305158,142236,138740,448363,443897,894350,856702,752114,717962,694953,669579,12992805,13030423,175796,176413,70890,78340,508688,481339,10745012,11687163,11768286,7586,8157,14202,14187,11272,13540,10010,11304,1,1,1,1,1,1,1,1,1,1,1,1,1,1,1,1,1,1,1,1,1,1,1,1,1,1,1,1,1,1,1,1,1,1,1
2010,4,1025,1,1181639,1263173,1299171,1394643,279417,278928,139448,149502,418864,428430,830445,925980,690998,776478,635031,738718,13030937,12936277,163101,163349,78575,70986,507118,543412,10752669,11749190,11920739,6329,8648,14097,16164,11453,12232,12776,9976,1,1,1,1,1,1,1,1,1,1,1,1,1,1,1,1,1,1,1,1,1,1,1,1,1,1,1,1,1,1,1,1,1,1,1
2011,1,1025,1,1094169,1017269,1203950,1151912,248346,247926,148207,141108,396554,389035,770474,719902,622267,578794,569261,541880,12937217,12990869,149613,150347,68914,77523,449324,413303,10922241,11755545,11840862,7148,10031,15953,15306,13058,13440,11479,12681,1,1,1,1,1,1,1,1,1,1,1,1,1,1,1,1,1,1,1,1,1,1,1,1,1,1,1,1,1,1,1,1,1,1,1
2011,2,1025,1,1391585,1151415,1507636,1298575,311616,309316,142085,155002,453701,464318,993443,787400,851359,632399,804137,590302,12992583,13202471,187529,189721,86581,69729,571976,483233,10901201,11898213,11937550,7380,8711,15173,14696,12148,13378,10777,11417,1,1,1,1,1,1,1,1,1,1,1,1,1,1,1,1,1,1,1,1,1,1,1,1,1,1,1,1,1,1,1,1,1,1,1
2011,3,1025,1,1376144,1265909,1492039,1410737,354945,352681,155513,147344,510458,500025,935162,855351,779649,708006,719285,660476,13202019,13283594,206942,208881,74552,87216,538444,468508,10834832,11810182,12041379,7460,9135,14662,15061,11742,13717,10343,11454,1,1,1,1,1,1,1,1,1,1,1,1,1,1,1,1,1,1,1,1,1,1,1,1,1,1,1,1,1,1,1,1,1,1,1
2011,4,1025,1,1215926,1243401,1337209,1381905,303220,301292,148757,161879,451977,463171,836892,882823,688135,720945,628824,681479,13284070,13239963,174825,175977,83309,75380,496492,494493,10932494,11907925,12152497,6454,9150,14908,15674,11956,13334,13331,10824,1,1,1,1,1,1,1,1,1,1,1,1,1,1,1,1,1,1,1,1,1,1,1,1,1,1,1,1,1,1,1,1,1,1,1
2012,1,1025,1,1180856,1088179,1290647,1226303,295955,294466,162608,156565,458563,451031,805989,743454,643381,586889,587754,546425,13240556,13305944,178489,179845,76968,83805,461167,418758,11136203,12024743,12085889,7240,9634,15475,16145,12517,13386,11554,12951,1,1,1,1,1,1,1,1,1,1,1,1,1,1,1,1,1,1,1,1,1,1,1,1,1,1,1,1,1,1,1,1,1,1,1
2012,2,1025,1,1460216,1220910,1579423,1369615,354975,353073,156779,168931,511754,522003,1017255,809515,860477,640584,809687,598076,13307079,13517454,211962,214476,93319,77205,568533,485219,11085220,12125457,12225620,7541,9210,16040,14952,12374,12899,11019,11359,1,1,1,1,1,1,1,1,1,1,1,1,1,1,1,1,1,1,1,1,1,1,1,1,1,1,1,1,1,1,1,1,1,1,1
2012,3,1025,1,1449166,1293146,1567078,1444837,382301,378569,169299,159760,551600,538329,975279,857395,805980,697634,743426,647771,13518187,13640916,219836,222654,79324,93442,558086,446104,11076596,12057735,12333698,7751,8552,14934,15016,11487,14791,10343,11823,1,1,1,1,1,1,1,1,1,1,1,1,1,1,1,1,1,1,1,1,1,1,1,1,1,1,1,1,1,1,1,1,1,1,1
2012,4,1025,1,1289341,1308158,1411987,1452743,341723,339384,161260,174413,502983,513797,866299,909275,705039,734862,645611,694696,13641722,13600028,198345,199740,89270,80127,505002,502541,11166603,12193154,12451618,6393,9598,14838,17489,12014,12878,13803,10607,1,1,1,1,1,1,1,1,1,1,1,1,1,1,1,1,1,1,1,1,1,1,1,1,1,1,1,1,1,1,1,1,1,1,1
2013,1,1025,1,1224651,1150095,1341687,1295065,324339,324168,173936,170851,498274,495019,818071,772290,644135,601439,586362,559012,13604171,13652312,193849,194625,82123,88890,459391,427768,11381511,12315129,12372917,7098,13263,16887,16280,17787,13537,35163,13134,1,1,1,1,1,1,1,1,1,1,1,1,1,1,1,1,1,1,1,1,1,1,1,1,1,1,1,1,1,1,1,1,1,1,1
2013,2,1025,1,1542290,1280426,1665808,1440307,398380,397486,170044,181993,568424,579479,1048783,824721,878740,642728,825659,596498,13652083,13877959,236895,238605,101087,81859,571789,485621,11334291,12427555,12462961,7241,9110,16163,15338,12474,12946,11073,11290,1,1,1,1,1,1,1,1,1,1,1,1,1,1,1,1,1,1,1,1,1,1,1,1,1,1,1,1,1,1,1,1,1,1,1
2013,3,1025,1,1492838,1415912,1620937,1576664,430157,428969,182198,183071,612355,612039,966846,922101,784647,739030,720868,684639,13875525,13919329,250872,252253,89830,101353,542783,474254,11258931,12333824,12549555,12671,9036,15324,15416,11651,13545,10253,12130,1,1,1,1,1,1,1,1,1,1,1,1,1,1,1,1,1,1,1,1,1,1,1,1,1,1,1,1,1,1,1,1,1,1,1
2013,4,1025,1,1393959,1370996,1524228,1524733,384529,382697,183718,186490,568247,569187,922085,923078,738367,736588,673790,693012,13921294,13920057,222828,223713,95762,89971,524455,511079,11340504,12428959,12698812,6497,9420,15251,16923,11932,12961,12804,10620,1,1,1,1,1,1,1,1,1,1,1,1,1,1,1,1,1,1,1,1,1,1,1,1,1,1,1,1,1,1,1,1,1,1,1
2014,1,1025,1,1314831,1222831,1438000,1378534,364391,363489,186370,188439,550761,551928,861013,802722,674643,614284,613870,568166,13920252,13980571,214691,215829,89968,95677,479277,428059,11546892,12527120,12634589,7285,10882,16896,17105,13096,13608,12061,13201,1,1,1,1,1,1,1,1,1,1,1,1,1,1,1,1,1,1,1,1,1,1,1,1,1,1,1,1,1,1,1,1,1,1,1
2014,2,1025,1,1628140,1347343,1757320,1514423,438883,437797,188241,203213,627123,641009,1087972,847783,899732,644570,841351,595483,13981400,14225173,260948,263153,112265,90070,585975,481050,11527213,12666965,12758751,7692,9822,16947,15821,12389,13182,11446,11558,1,1,1,1,1,1,1,1,1,1,1,1,1,1,1,1,1,1,1,1,1,1,1,1,1,1,1,1,1,1,1,1,1,1,1
2014,3,1025,1,1609388,1467919,1742019,1638968,482497,481538,203746,196950,686243,678488,1023073,919479,819327,722529,750715,666678,14225514,14329747,283229,285003,96220,113082,558396,454527,11485513,12597718,12879939,7725,9281,15776,16122,11956,14570,10699,12297,1,1,1,1,1,1,1,1,1,1,1,1,1,1,1,1,1,1,1,1,1,1,1,1,1,1,1,1,1,1,1,1,1,1,1
2014,4,1025,1,1484247,1450917,1619306,1613146,442382,440741,197748,202415,640130,643156,948923,943876,751175,741461,681381,695687,14330621,14336898,256661,257321,102383,96727,527405,504029,11584098,12721181,13038647,6682,10235,15928,17696,12171,13302,13392,11225,1,1,1,1,1,1,1,1,1,1,1,1,1,1,1,1,1,1,1,1,1,1,1,1,1,1,1,1,1,1,1,1,1,1,1
2015,1,1025,1,1401670,1299900,1532481,1463383,424686,423895,202807,206349,627493,630243,881994,815327,679187,608978,614384,559088,14338635,14408147,248798,249989,99192,102216,481291,418034,11819960,12854386,12980952,7681,10848,17435,17775,13180,13895,12254,13391,1,1,1,1,1,1,1,1,1,1,1,1,1,1,1,1,1,1,1,1,1,1,1,1,1,1,1,1,1,1,1,1,1,1,1
2015,2,1025,1,1719964,1428027,1855295,1606844,500226,497139,206483,222367,706709,719505,1109266,865862,902783,643495,843673,590265,14408653,14658231,297341,300366,122047,99332,579904,477482,11799178,13007911,13092803,7936,12299,17506,16661,13301,13838,12244,12071,1,1,1,1,1,1,1,1,1,1,1,1,1,1,1,1,1,1,1,1,1,1,1,1,1,1,1,1,1,1,1,1,1,1,1
2015,3,1025,1,1711420,1566365,1852399,1752099,541878,540319,223916,214382,765793,754702,1054187,954372,830272,739989,758022,676962,14658994,14760540,316973,318397,106682,122840,563868,462826,11746232,12938174,13190577,8334,9684,16619,16673,12592,14836,11170,13131,1,1,1,1,1,1,1,1,1,1,1,1,1,1,1,1,1,1,1,1,1,1,1,1,1,1,1,1,1,1,1,1,1,1,1
2015,4,1025,1,1571904,1570615,1716459,1741854,501945,501440,214394,225600,716339,727040,969615,995286,755221,769686,681009,719587,14761139,14735287,295111,294917,115813,106612,538291,523697,11816317,13048468,13403849,7149,10326,16502,18731,12566,13280,13810,11727,1,1,1,1,1,1,1,1,1,1,1,1,1,1,1,1,1,1,1,1,1,1,1,1,1,1,1,1,1,1,1,1,1,1,1
2016,1,1025,1,1445933,1333011,1586951,1509004,437728,438078,224766,214381,662494,652460,906453,830425,681687,616044,610387,561029,14737969,14817857,259213,259253,103635,115091,481324,424194,12095396,13166132,13338926,7901,11377,18433,17780,13981,14290,12790,13855,1,1,1,1,1,1,1,1,1,1,1,1,1,1,1,1,1,1,1,1,1,1,1,1,1,1,1,1,1,1,1,1,1,1,1
2016,2,1025,1,1755028,1480226,1899881,1668493,511630,511746,213558,239973,725188,751719,1128734,899368,915176,659395,853990,600776,14818208,15051980,306646,306847,133735,103089,583679,488517,12113552,13371356,13413383,8434,10744,17590,17099,13025,14510,11964,13106,1,1,1,1,1,1,1,1,1,1,1,1,1,1,1,1,1,1,1,1,1,1,1,1,1,1,1,1,1,1,1,1,1,1,1
2016,3,1025,1,1765648,1639016,1912838,1830302,566730,567510,239143,218984,805873,786494,1081121,996266,841978,777281,765819,702871,15051811,15135314,336057,335365,109240,132992,574375,487658,12044698,13296223,13559456,8275,10044,16988,17798,12635,14538,11507,13063,1,1,1,1,1,1,1,1,1,1,1,1,1,1,1,1,1,1,1,1,1,1,1,1,1,1,1,1,1,1,1,1,1,1,1
2016,4,1025,1,1523739,1576358,1675346,1751814,481750,483267,217492,235217,699242,718484,943901,1016027,726409,780809,650837,726931,15137064,15060822,277058,275441,122140,108296,511147,527427,12138875,13370339,13686075,7235,10896,17621,18595,13422,13898,14894,11930,1,1,1,1,1,1,1,1,1,1,1,1,1,1,1,1,1,1,1,1,1,1,1,1,1,1,1,1,1,1,1,1,1,1,1
2017,1,1025,1,1463390,1375833,1603367,1550098,450478,451183,233418,224235,683896,675418,911669,859517,678251,635282,603735,578735,15057576,15111776,269517,269197,110089,120605,477718,440589,12422857,13533369,13589621,8301,11752,18281,19053,14182,14799,13024,14379,1,1,1,1,1,1,1,1,1,1,1,1,1,1,1,1,1,1,1,1,1,1,1,1,1,1,1,1,1,1,1,1,1,1,1
2017,2,1025,1,1801954,1523282,1947530,1709266,532963,531893,222946,241850,755909,773743,1155235,921560,932289,679710,868844,620720,15112216,15351651,317906,318404,133718,109132,588835,506263,12356888,13648555,13689922,8399,10746,18910,17867,13815,14467,12788,12660,1,1,1,1,1,1,1,1,1,1,1,1,1,1,1,1,1,1,1,1,1,1,1,1,1,1,1,1,1,1,1,1,1,1,1
2017,3,1025,1,1741484,1663379,1890590,1852534,567763,571146,240403,229051,808166,800197,1059441,1016047,819038,786996,743021,720508,15352413,15392830,335291,333191,112561,132348,555973,485173,12298621,13549983,13803430,8524,10382,17856,17853,13024,14806,12137,13417,1,1,1,1,1,1,1,1,1,1,1,1,1,1,1,1,1,1,1,1,1,1,1,1,1,1,1,1,1,1,1,1,1,1,1
2017,4,1025,1,1568300,1589581,1717000,1768464,504743,506634,226848,229389,731591,736022,961690,1009531,734842,780142,659533,726058,15392301,15340886,293888,291394,117770,111490,516497,530974,12398347,13649840,13918867,7614,11179,17640,19668,13527,14755,14434,12668,1,1,1,1,1,1,1,1,1,1,1,1,1,1,1,1,1,1,1,1,1,1,1,1,1,1,1,1,1,1,1,1,1,1,1
2018,1,1025,1,1505902,1422862,1649083,1600293,487171,486113,226815,232410,713987,718523,916675,869996,689859,637586,620298,580425,15340716,15391635,290593,291748,114797,115693,485185,442121,12625038,13772431,13843357,8606,12324,19343,20247,14694,15499,13751,14994,1,1,1,1,1,1,1,1,1,1,1,1,1,1,1,1,1,1,1,1,1,1,1,1,1,1,1,1,1,1,1,1,1,1,1
2018,2,1025,1,1841467,1549260,1990890,1741535,551061,553035,229848,249589,780909,802624,1173461,924965,943613,675376,877461,617143,15392316,15643726,332448,331135,138205,112964,603460,499447,12573088,13884990,13952336,8907,11931,20044,18678,15207,15382,13934,13602,1,1,1,1,1,1,1,1,1,1,1,1,1,1,1,1,1,1,1,1,1,1,1,1,1,1,1,1,1,1,1,1,1,1,1
2018,3,1025,1,1789207,1691964,1943584,1888804,586366,591465,245959,234970,832325,826435,1083388,1021461,837429,786492,761003,708800,15644952,15700380,349024,344892,117858,135484,570133,489391,12515646,13802057,14054394,9234,12459,18572,18471,13905,16012,12997,14526,1,1,1,1,1,1,1,1,1,1,1,1,1,1,1,1,1,1,1,1,1,1,1,1,1,1,1,1,1,1,1,1,1,1,1
2018,4,1025,1,1613975,1645077,1766541,1827446,527001,532416,231995,233386,758996,765802,982679,1036940,750684,803554,675072,749778,15701295,15638765,313732,308055,121035,115846,535063,549545,12609207,13911650,14225810,8266,11497,18268,20217,14220,15634,15056,13659,1,1,1,1,1,1,1,1,1,1,1,1,1,1,1,1,1,1,1,1,1,1,1,1,1,1,1,1,1,1,1,1,1,1,1
2019,1,1025,1,1479554,1412231,1626799,1594708,471084,475137,229985,235121,701069,710259,905717,869669,675731,634547,595516,578315,15628320,15662345,286001,282818,115923,118236,477514,438664,12871966,14015919,14084839,9588,12203,19912,20556,15742,16656,14897,15359,1,1,1,1,1,1,1,1,1,1,1,1,1,1,1,1,1,1,1,1,1,1,1,1,1,1,1,1,1,1,1,1,1,1,1
2019,2,1025,1,1830760,1577883,1986517,1772850,554922,557899,231264,253825,786186,811723,1158091,943154,926827,689330,864780,630289,15662273,15877472,339274,336342,144772,113305,590836,516934,12826353,14181700,14175631,9383,11893,20389,19358,15690,16273,14148,14505,1,1,1,1,1,1,1,1,1,1,1,1,1,1,1,1,1,1,1,1,1,1,1,1,1,1,1,1,1,1,1,1,1,1,1
2019,3,1025,1,1777189,1701735,1935466,1901303,583222,591766,249220,242621,832442,834387,1073466,1028463,824245,785843,749567,717837,15877793,15914546,352846,346494,111380,141160,562377,489236,12746528,14045633,14279821,9596,11447,19344,19080,14790,16781,14103,14951,1,1,1,1,1,1,1,1,1,1,1,1,1,1,1,1,1,1,1,1,1,1,1,1,1,1,1,1,1,1,1,1,1,1,1
2019,4,1025,1,1610900,1633928,1769068,1818641,521242,526213,238559,208914,759802,735128,984698,1028630,746139,819715,670533,741841,15912070,15862468,291608,286439,112129,108796,462578,560549,12831683,14133582,13686476,9118,11596,18911,21116,15922,17298,16672,14888,1,1,1,1,1,1,1,1,1,1,1,1,1,1,1,1,1,1,1,1,1,1,1,1,1,1,1,1,1,1,1,1,1,1,1
2020,1,1025,1,1336753,2174758,1519910,2331765,451400,457363,204392,191475,655792,648839,807356,1611546,602964,1420070,543980,1362782,15856719,15044995,277664,272728,96708,108431,429056,1074664,12480572,14246075,13362990,9242,9939,21441,22089,16632,16366,15453,16071,1,1,1,1,1,1,1,1,1,1,1,1,1,1,1,1,1,1,1,1,1,1,1,1,1,1,1,1,1,1,1,1,1,1,1
2020,2,1025,1,1219443,1680680,1361124,1842976,292667,299513,186374,216487,479041,516000,837489,1312907,651115,1096420,597838,1047140,15041532,14558522,181703,177051,125747,93719,429356,890360,12225520,13703937,13123825,10341,10579,22203,20010,19927,19163,15393,15342,1,1,1,1,1,1,1,1,1,1,1,1,1,1,1,1,1,1,1,1,1,1,1,1,1,1,1,1,1,1,1,1,1,1,1
2020,3,1025,1,1660899,1434223,1785260,1607083,411285,422676,209615,187625,620900,610301,1145865,956339,936250,768715,884570,714357,14552793,14774069,261029,250747,105873,120606,651203,566505,12157049,13332568,13296528,10226,10256,20058,20726,14866,18468,13412,16332,1,1,1,1,1,1,1,1,1,1,1,1,1,1,1,1,1,1,1,1,1,1,1,1,1,1,1,1,1,1,1,1,1,1,1
2020,4,1025,1,1590548,1477647,1716142,1636704,434085,449215,182851,186449,616935,635664,1063121,967520,880270,781071,810703,740590,14773425,14845462,261644,248039,96037,101486,649695,529175,11955925,13110698,13592696,8754,12035,20733,24911,17168,17123,19233,14431,1,1,1,1,1,1,1,1,1,1,1,1,1,1,1,1,1,1,1,1,1,1,1,1,1,1,1,1,1,1,1,1,1,1,1
2021,1,1025,1,1348182,1253928,1482812,1425835,388159,399615,176500,202316,564659,601932,863513,796078,687014,593762,618505,546619,14844856,14903772,233343,221783,94882,88067,488724,404475,12254892,13253211,13392525,10407,15560,24284,23645,21713,19294,20510,19159,1,1,1,1,1,1,1,1,1,1,1,1,1,1,1,1,1,1,1,1,1,1,1,1,1,1,1,1,1,1,1,1,1,1,1
2021,2,1025,1,1934805,1512112,2074212,1702943,555608,572346,194855,249494,750463,821840,1261947,874850,1067092,625356,1010915,571104,14903445,15276759,352629,338930,141474,89469,729369,473513,12243209,13554571,13566256,10106,13603,23294,23077,18583,18344,16019,17066,1,1,1,1,1,1,1,1,1,1,1,1,1,1,1,1,1,1,1,1,1,1,1,1,1,1,1,1,1,1,1,1,1,1,1
2021,3,1025,1,2049558,1710658,2202713,1922717,639033,656193,238826,249395,877858,905588,1279799,979333,1040973,729938,962832,664281,15276315,15556327,393091,379458,128814,134176,725083,461025,12012391,13340830,13853327,10438,13626,23094,23586,17513,20053,15757,17450,1,1,1,1,1,1,1,1,1,1,1,1,1,1,1,1,1,1,1,1,1,1,1,1,1,1,1,1,1,1,1,1,1,1,1
2021,4,1025,1,1890652,1704237,2046142,1900022,603698,613853,243102,257301,846800,871155,1172191,1013555,929088,756254,842898,701631,15555963,15704631,364236,353426,132086,123466,679535,492938,12190253,13506159,14218609,9054,14858,23057,26848,18538,19105,22592,15987,1,1,1,1,1,1,1,1,1,1,1,1,1,1,1,1,1,1,1,1,1,1,1,1,1,1,1,1,1,1,1,1,1,1,1
2022,1,1025,1,1661697,1486597,1818008,1690022,526941,539704,250565,248699,777506,788403,1017734,876454,767168,627755,680077,569742,15700239,15831023,321694,310785,120862,125964,545132,424122,12619500,13810175,14176424,10744,17123,26029,24551,21755,20691,19038,19383,1,1,1,1,1,1,1,1,1,1,1,1,1,1,1,1,1,1,1,1,1,1,1,1,1,1,1,1,1,1,1,1,1,1,1
2022,2,1025,1,1940040,1656399,2100121,1871660,608663,621639,241075,283987,849737,905625,1201221,959866,960147,675879,887451,612700,15832864,16065649,378046,366786,161147,115651,624074,493334,12763417,14169652,14267146,11632,14109,24071,23584,20127,21517,16539,18906,1,1,1,1,1,1,1,1,1,1,1,1,1,1,1,1,1,1,1,1,1,1,1,1,1,1,1,1,1,1,1,1,1,1,1
2022,3,1025,1,1934218,1799974,2100578,2016742,645273,664126,273200,249635,918474,913761,1159215,1052028,886015,802393,807262,735624,16065963,16154027,404791,390621,130020,153060,617979,505763,12726068,14122591,14503063,11225,13261,23531,23617,18223,20241,16134,17942,1,1,1,1,1,1,1,1,1,1,1,1,1,1,1,1,1,1,1,1,1,1,1,1,1,1,1,1,1,1,1,1,1,1,1
2022,4,1025,1,1581517,1651698,1749213,1850157,506492,516887,241720,240401,748212,757288,968002,1053672,726282,813271,649610,762188,16154047,16054907,304336,295075,128147,124555,530320,553176,12903311,14216780,14650251,9997,14383,23420,25216,18797,19834,19574,16988,1,1,1,1,1,1,1,1,1,1,1,1,1,1,1,1,1,1,1,1,1,1,1,1,1,1,1,1,1,1,1,1,1,1,1
2023,1,1025,1,1448470,1405757,1606269,1604542,438628,448976,231988,229419,670616,678394,899810,886164,667822,656745,602535,602780,16055713,16058255,273001,265641,,122459,482849,470600,13290519,14472857,14505512,11224,16098,24754,26251,19470,19323,,19039,1,1,1,1,1,1,1,1,1,1,1,1,1,1,1,1,1,1,1,1,-1,1,1,1,1,1,1,1,1,1,1,1,1,-1,1
2023,2,1025,1,1732705,1553689,1897544,1754826,497287,505979,223934,,721221,,1119374,971167,895440,,838314,,16058607,16206526,,,,,,,13246969,14609738,,,,25958,23832,,,,,1,1,1,1,1,1,1,-1,1,-1,1,1,1,-1,1,-1,1,1,-1,-1,-1,-1,-1,-1,1,1,-1,-1,-1,1,1,-1,5,-1,-1
2000,2,1025,2,1299974,1173336,1353853,1251214,456251,456277,,210090,,666367,786621,683418,,473328,,406562,8080352,8177393,,,,,,,,,6903193,,,,,,,,,1,1,1,1,1,1,-1,1,-1,1,1,1,-1,1,-1,1,1,1,-1,-1,-1,-1,-1,-1,-1,-1,1,-1,-1,-1,-1,-1,5,-1,-1
2000,3,1025,2,1309852,1270078,1370220,1349283,497318,497354,208989,192012,706307,689367,754498,733339,545509,541326,467572,472790,8178794,8193130,253809,255002,76070,,350850,294332,6056780,6879635,7103729,5482,6266,9892,10090,7521,8476,6939,,1,1,1,1,1,1,1,1,1,1,1,1,1,1,1,1,1,1,1,1,1,-1,1,1,1,1,1,1,1,1,1,1,1,1,-1
2000,4,1025,2,1113851,1088164,1171571,1157283,396327,392390,193090,201968,589417,594358,671102,661487,478012,459519,404223,399630,8194009,8207238,185866,186935,89660,76311,304632,278889,6157634,6884995,7124646,5185,6812,9915,10931,8103,8855,8940,7451,1,1,1,1,1,1,1,1,1,1,1,1,1,1,1,1,1,1,1,1,1,1,1,1,1,1,1,1,1,1,1,1,1,1,1
2001,1,1025,2,1158096,1080084,1212168,1150219,401901,401757,204598,184545,606499,586302,707644,646037,503046,461492,432126,388813,8208364,8267772,200022,200406,75736,89845,309902,296116,6336539,7095295,7092940,5361,7312,10714,10776,8358,8889,7508,9197,1,1,1,1,1,1,1,1,1,1,1,1,1,1,1,1,1,1,1,1,1,1,1,1,1,1,1,1,1,1,1,1,1,1,1
2001,2,1025,2,1207186,1172023,1263925,1246014,405987,407137,183764,205198,589751,612335,750090,730190,566326,524992,499699,454688,8264823,8282363,194388,195155,93810,75967,310784,343125,6279969,7108534,7048806,5239,6709,10735,10149,8144,8390,7549,7299,1,1,1,1,1,1,1,1,1,1,1,1,1,1,1,1,1,1,1,1,1,1,1,1,1,1,1,1,1,1,1,1,1,1,1
2001,3,1025,2,1189467,1229668,1251391,1299700,423364,422745,205048,179590,628411,602335,717867,766876,512820,587286,436149,519948,8282951,8228868,220160,221472,76073,95127,337383,336768,6262402,7075671,7201608,5581,6517,10149,10175,7658,8362,7197,7532,1,1,1,1,1,1,1,1,1,1,1,1,1,1,1,1,1,1,1,1,1,1,1,1,1,1,1,1,1,1,1,1,1,1,1
2001,4,1025,2,981721,1023460,1038056,1084798,311334,308079,181138,176332,492472,484412,631483,682069,450345,505736,382143,454160,8228711,8177601,146844,148335,78728,76506,295641,326253,6331825,7040156,7220946,4870,7179,10006,10955,7822,8190,9461,6729,1,1,1,1,1,1,1,1,1,1,1,1,1,1,1,1,1,1,1,1,1,1,1,1,1,1,1,1,1,1,1,1,1,1,1
2002,1,1025,2,1010168,952540,1060334,1016302,305952,305043,179829,160529,485781,465572,662170,618677,482340,458147,418642,401744,8171859,8210613,149527,150051,67812,79448,301984,307726,6505268,7191580,7134730,5217,7364,10761,10552,8359,8307,7638,9059,1,1,1,1,1,1,1,1,1,1,1,1,1,1,1,1,1,1,1,1,1,1,1,1,1,1,1,1,1,1,1,1,1,1,1
2002,2,1025,2,1100277,1073928,1152867,1142601,337807,339882,159857,183047,497664,522929,716245,702634,556388,519587,499422,458810,8214555,8221286,165716,165940,85328,67764,310409,353747,6422563,7204833,7081150,5045,6474,10523,10183,7676,8069,6941,7204,1,1,1,1,1,1,1,1,1,1,1,1,1,1,1,1,1,1,1,1,1,1,1,1,1,1,1,1,1,1,1,1,1,1,1
2002,3,1025,2,1091091,1137743,1148893,1204754,361486,365887,179244,160553,540730,526441,684681,735732,505437,575179,441335,517204,8220339,8159574,194558,193246,68876,84848,335913,340420,6353963,7120792,7207934,5545,6478,10178,10249,7626,8451,7132,7351,1,1,1,1,1,1,1,1,1,1,1,1,1,1,1,1,1,1,1,1,1,1,1,1,1,1,1,1,1,1,1,1,1,1,1
2002,4,1025,2,923232,950516,976370,1010210,276322,274344,160353,156454,436675,430799,609967,646377,449614,489922,388366,442359,8159924,8123659,135002,135201,71575,68569,298736,322444,6399029,7069136,7223732,4868,6942,10093,11043,7778,8194,9016,6671,1,1,1,1,1,1,1,1,1,1,1,1,1,1,1,1,1,1,1,1,1,1,1,1,1,1,1,1,1,1,1,1,1,1,1
2003,1,1025,2,939081,898215,987602,959012,273496,273420,159050,145183,432546,418603,626183,597699,467133,452515,410595,401874,8121868,8148189,139652,139730,63309,71826,298965,306904,6544572,7199799,7153184,5435,6958,10864,10589,8422,8524,7503,9140,1,1,1,1,1,1,1,1,1,1,1,1,1,1,1,1,1,1,1,1,1,1,1,1,1,1,1,1,1,1,1,1,1,1,1
2003,2,1025,2,1036321,994325,1087263,1059785,293509,295303,145101,167138,438610,462441,699842,669420,554740,502283,501038,450415,8149202,8175433,148368,148311,78853,63379,323603,348147,6473072,7209912,7116019,5475,6317,10554,10277,7901,8342,6819,7103,1,1,1,1,1,1,1,1,1,1,1,1,1,1,1,1,1,1,1,1,1,1,1,1,1,1,1,1,1,1,1,1,1,1,1
2003,3,1025,2,1032405,1057983,1087160,1122660,329027,331593,165140,151801,494167,483394,660942,692888,495802,541087,437234,488469,8177507,8138937,179447,179478,65969,79325,331404,327724,6415076,7140632,7211397,5469,6251,10289,10433,7731,8689,7024,7246,1,1,1,1,1,1,1,1,1,1,1,1,1,1,1,1,1,1,1,1,1,1,1,1,1,1,1,1,1,1,1,1,1,1,1
2003,4,1025,2,931152,927364,984378,987889,272668,270171,151529,156666,424197,426837,620406,627369,468877,470703,412264,427708,8139372,8134098,136276,137092,74471,65847,313884,316778,6438475,7107186,7245177,4955,6611,10331,11383,7895,8434,9228,6757,1,1,1,1,1,1,1,1,1,1,1,1,1,1,1,1,1,1,1,1,1,1,1,1,1,1,1,1,1,1,1,1,1,1,1
2004,1,1025,2,959715,890106,1008579,953741,279077,280440,157544,148604,436621,429043,639244,582733,481700,434130,424818,386080,8139810,8191940,145393,145188,65835,74140,310544,293453,6556392,7208875,7206626,5448,7359,11200,11021,8646,8963,7885,9259,1,1,1,1,1,1,1,1,1,1,1,1,1,1,1,1,1,1,1,1,1,1,1,1,1,1,1,1,1,1,1,1,1,1,1
2004,2,1025,2,1054600,986112,1106793,1056097,306785,308877,147268,170146,454054,479022,701732,647459,554464,477313,502447,425725,8193246,8243875,158381,157763,81460,65398,324332,327343,6502708,7234316,7163851,5480,6377,10966,10600,8289,8819,7143,7538,1,1,1,1,1,1,1,1,1,1,1,1,1,1,1,1,1,1,1,1,1,1,1,1,1,1,1,1,1,1,1,1,1,1,1
2004,3,1025,2,1111764,1080524,1169823,1152071,362859,363747,169434,161646,532294,525393,700190,681471,530756,519825,470773,466747,8245228,8261193,203244,203729,73447,82267,352828,313923,6438573,7191116,7322079,5895,6313,10611,10811,8096,9506,7212,7829,1,1,1,1,1,1,1,1,1,1,1,1,1,1,1,1,1,1,1,1,1,1,1,1,1,1,1,1,1,1,1,1,1,1,1
2004,4,1025,2,985819,940309,1039595,1003445,300606,297898,163104,159985,463710,457883,644719,612313,481614,452329,421812,409370,8266413,8302340,152812,154178,73341,74084,323156,291563,6493019,7155666,7399318,4998,6768,10704,12142,8236,8825,8950,7218,1,1,1,1,1,1,1,1,1,1,1,1,1,1,1,1,1,1,1,1,1,1,1,1,1,1,1,1,1,1,1,1,1,1,1
2005,1,1025,2,1016799,904272,1068139,973186,307376,306874,164329,151284,471706,458158,663933,569101,499603,417817,439199,368735,8304463,8399435,160258,160367,64780,74930,317311,277552,6660938,7319407,7350111,5662,7477,11954,11420,9133,9553,8182,9569,1,1,1,1,1,1,1,1,1,1,1,1,1,1,1,1,1,1,1,1,1,1,1,1,1,1,1,1,1,1,1,1,1,1,1
2005,2,1025,2,1121314,1048980,1175916,1127280,349705,349745,151867,181209,501572,530954,717993,668211,566126,487002,513320,433386,8398889,8446686,179991,181503,85611,65337,324072,329763,6606063,7383607,7312185,5657,6426,11383,11149,8385,9647,7022,7996,1,1,1,1,1,1,1,1,1,1,1,1,1,1,1,1,1,1,1,1,1,1,1,1,1,1,1,1,1,1,1,1,1,1,1
2005,3,1025,2,1169491,1134898,1229151,1210232,410197,406861,182064,170811,592260,577672,707451,691956,525387,521144,463553,461948,8447229,8465524,224372,227825,72548,87552,351972,306583,6548951,7326487,7502814,5983,6468,11183,11679,8311,9598,7297,7996,1,1,1,1,1,1,1,1,1,1,1,1,1,1,1,1,1,1,1,1,1,1,1,1,1,1,1,1,1,1,1,1,1,1,1
2005,4,1025,2,1094898,963288,1154231,1034733,339797,330494,178417,163247,518215,493741,707726,600548,529309,437302,464338,392438,8466764,8583863,165542,171348,72285,76858,350293,281161,6617864,7297743,7589256,5671,7203,11547,12564,8732,9967,9417,7754,1,1,1,1,1,1,1,1,1,1,1,1,1,1,1,1,1,1,1,1,1,1,1,1,1,1,1,1,1,1,1,1,1,1,1
2006,1,1025,2,1120117,995637,1175379,1069673,372322,366694,171844,164959,544166,531653,697714,598146,525870,433187,455984,379559,8585753,8691771,187126,191070,68483,76221,331483,278515,6784437,7491936,7570813,5936,7529,12381,12555,9037,9821,8066,9964,1,1,1,1,1,1,1,1,1,1,1,1,1,1,1,1,1,1,1,1,1,1,1,1,1,1,1,1,1,1,1,1,1,1,1
2006,2,1025,2,1234026,1121626,1292840,1202676,408629,405985,167728,192326,576357,598310,769482,681499,601754,489173,543450,431862,8693000,8783488,206360,210213,88496,70597,342626,323248,6760329,7573240,7570574,5884,7266,12492,11880,9294,9849,7616,8192,1,1,1,1,1,1,1,1,1,1,1,1,1,1,1,1,1,1,1,1,1,1,1,1,1,1,1,1,1,1,1,1,1,1,1
2006,3,1025,2,1264555,1213042,1329359,1294295,455520,450806,196427,179568,651947,630373,752137,722983,555710,543416,487777,485033,8783062,8817264,246269,250639,75235,92612,364220,312295,6730325,7549101,7790714,6408,6805,11890,11951,8674,10165,7690,8448,1,1,1,1,1,1,1,1,1,1,1,1,1,1,1,1,1,1,1,1,1,1,1,1,1,1,1,1,1,1,1,1,1,1,1
2006,4,1025,2,1115254,1026440,1176047,1099738,372523,364694,184331,174848,556854,539543,694239,628422,509908,453574,443702,406492,8814628,8891739,183462,188022,76240,78126,335272,279500,6845217,7551413,7868383,5708,7241,11800,13309,8882,10198,10136,8170,1,1,1,1,1,1,1,1,1,1,1,1,1,1,1,1,1,1,1,1,1,1,1,1,1,1,1,1,1,1,1,1,1,1,1
2007,1,1025,2,1159722,1023367,1217556,1101051,388991,383014,183183,173807,572174,556821,717584,608161,534401,434354,468805,376458,8888990,9005721,197709,201992,72129,79988,339256,279275,7041820,7775376,7849841,6226,7877,13098,13249,9586,10277,8664,11058,1,1,1,1,1,1,1,1,1,1,1,1,1,1,1,1,1,1,1,1,1,1,1,1,1,1,1,1,1,1,1,1,1,1,1
2007,2,1025,2,1269790,1156559,1330680,1241238,431870,429064,176504,198173,608374,627237,779958,692574,603453,494400,544481,435569,9007443,9096887,218228,221939,90608,74204,340831,325608,7008190,7847223,7849813,5951,7212,13190,12590,9768,10322,8034,8496,1,1,1,1,1,1,1,1,1,1,1,1,1,1,1,1,1,1,1,1,1,1,1,1,1,1,1,1,1,1,1,1,1,1,1
2007,3,1025,2,1272913,1246974,1341507,1330895,471928,466303,201715,188083,673643,654386,742703,739710,540988,551627,470699,481317,9094150,9103758,253383,258770,79261,94531,350557,313669,6986218,7825082,8047685,6347,7381,12582,12543,9261,10567,8194,8891,1,1,1,1,1,1,1,1,1,1,1,1,1,1,1,1,1,1,1,1,1,1,1,1,1,1,1,1,1,1,1,1,1,1,1
2007,4,1025,2,1162852,1057054,1226523,1132796,393895,384772,194041,177521,587936,562293,718670,638022,524629,460501,456376,412417,9105665,9198798,194214,199418,78625,82535,346570,285286,7101457,7833362,8166930,5613,7590,12373,13898,9271,10514,10452,8406,1,1,1,1,1,1,1,1,1,1,1,1,1,1,1,1,1,1,1,1,1,1,1,1,1,1,1,1,1,1,1,1,1,1,1
2008,1,1025,2,1161863,1032508,1222053,1111528,391225,382972,186945,174523,578171,557494,717950,616803,531005,442280,453151,385310,9197303,9308602,196611,201507,73613,82642,340175,277367,7305585,8035052,8157731,6684,8511,13655,13720,10176,10673,9101,10687,1,1,1,1,1,1,1,1,1,1,1,1,1,1,1,1,1,1,1,1,1,1,1,1,1,1,1,1,1,1,1,1,1,1,1
2008,2,1025,2,1217476,1151122,1280922,1233593,411954,407076,178102,193458,590057,600534,749778,707992,571676,514534,512940,454399,9308800,9356041,208423,213532,88236,75990,325847,339213,7310466,8146854,8147595,6150,7340,13609,12779,10153,10703,9211,8823,1,1,1,1,1,1,1,1,1,1,1,1,1,1,1,1,1,1,1,1,1,1,1,1,1,1,1,1,1,1,1,1,1,1,1
2008,3,1025,2,1206483,1208362,1274465,1288826,437820,428186,198842,172565,636662,600751,714134,740725,515291,568161,451850,508728,9357529,9342898,235845,242706,75590,92998,333422,327978,7316097,8139634,8279313,6505,7260,12773,12768,9709,11090,8345,9171,1,1,1,1,1,1,1,1,1,1,1,1,1,1,1,1,1,1,1,1,1,1,1,1,1,1,1,1,1,1,1,1,1,1,1
2008,4,1025,2,1024943,1064019,1090214,1133848,336737,327294,179218,159047,515954,486341,644499,701880,465281,542834,405314,499165,9342683,9298043,168162,173752,75088,79062,312759,348613,7384422,8136174,8313859,5438,8244,12619,13998,9710,10125,10991,8044,1,1,1,1,1,1,1,1,1,1,1,1,1,1,1,1,1,1,1,1,1,1,1,1,1,1,1,1,1,1,1,1,1,1,1
2009,1,1025,2,903529,984769,962941,1051634,278723,275642,164546,150019,443269,425661,585151,676498,420605,526479,369659,479094,9297423,9208618,146967,149383,68291,77991,273123,358252,7547140,8272730,8206373,5863,8984,13765,13101,10948,10227,9798,10295,1,1,1,1,1,1,1,1,1,1,1,1,1,1,1,1,1,1,1,1,1,1,1,1,1,1,1,1,1,1,1,1,1,1,1
2009,2,1025,2,946849,1001790,1005855,1075517,268085,266073,151388,154117,419473,420190,633507,703283,482119,549165,442837,505410,9207700,9136676,142568,145131,77816,70021,284199,395086,7524353,8304449,8117736,6053,7783,12990,12403,9941,10022,8838,8406,1,1,1,1,1,1,1,1,1,1,1,1,1,1,1,1,1,1,1,1,1,1,1,1,1,1,1,1,1,1,1,1,1,1,1
2009,3,1025,2,959726,1018355,1021311,1088876,293630,290557,155979,137510,449609,428067,622508,693494,466529,555984,422044,512504,9137770,9069179,169168,172996,66856,81052,318737,356055,7450669,8191106,8195474,6295,7260,12416,12464,9296,10792,8376,8895,1,1,1,1,1,1,1,1,1,1,1,1,1,1,1,1,1,1,1,1,1,1,1,1,1,1,1,1,1,1,1,1,1,1,1
2009,4,1025,2,868344,874174,925435,938827,241534,235964,140668,135897,382201,371861,588519,609685,447851,473788,404466,443925,9069637,9056201,131614,134882,69215,69125,317760,327580,7450465,8110057,8257585,5574,7701,12363,13904,9632,10256,10978,7782,1,1,1,1,1,1,1,1,1,1,1,1,1,1,1,1,1,1,1,1,1,1,1,1,1,1,1,1,1,1,1,1,1,1,1
2010,1,1025,2,864540,798605,918462,866148,240404,237674,141087,131670,381491,369344,583670,534775,442584,403106,397829,366701,9058015,9109310,133558,135623,62464,71686,294779,284785,7570115,8189815,8171454,6384,8281,13713,13090,10794,10849,9340,11325,1,1,1,1,1,1,1,1,1,1,1,1,1,1,1,1,1,1,1,1,1,1,1,1,1,1,1,1,1,1,1,1,1,1,1
2010,2,1025,2,1044317,937416,1100344,1012636,292660,290422,133452,148473,426112,438895,704078,617878,570626,469405,532137,430492,9108337,9195261,162742,165262,75227,63804,343300,342008,7500625,8244690,8166730,6477,7208,13044,12659,10095,10911,8853,9024,1,1,1,1,1,1,1,1,1,1,1,1,1,1,1,1,1,1,1,1,1,1,1,1,1,1,1,1,1,1,1,1,1,1,1
2010,3,1025,2,1046714,1028766,1108700,1103800,336614,332388,151307,147003,487921,479391,662330,663052,511024,516049,462457,473410,9195188,9199945,193215,197434,68940,78111,349755,313747,7421736,8151122,8293639,6748,7286,12698,12875,9749,11794,8555,9594,1,1,1,1,1,1,1,1,1,1,1,1,1,1,1,1,1,1,1,1,1,1,1,1,1,1,1,1,1,1,1,1,1,1,1
2010,4,1025,2,965831,906659,1023608,974071,292030,285974,150276,145089,442306,431063,632380,591378,482104,446289,433802,415321,9199700,9249172,160593,164222,71557,70989,339515,300166,7479592,8153029,8403596,5752,7708,12756,14422,10070,11100,11458,8589,1,1,1,1,1,1,1,1,1,1,1,1,1,1,1,1,1,1,1,1,1,1,1,1,1,1,1,1,1,1,1,1,1,1,1
2011,1,1025,2,950410,846024,1005938,917696,283220,278951,150457,141391,433678,420342,623222,539802,472765,398411,424077,360283,9249180,9337537,156769,159836,64883,74205,314755,271937,7640992,8283399,8339794,6569,8830,14219,13904,11461,11867,9673,12092,1,1,1,1,1,1,1,1,1,1,1,1,1,1,1,1,1,1,1,1,1,1,1,1,1,1,1,1,1,1,1,1,1,1,1
2011,2,1025,2,1104854,998019,1163861,1078733,340726,334943,143820,164183,484547,499127,711814,632337,567994,468154,527541,425765,9335642,9420590,187543,192702,83551,66655,339374,334222,7602498,8385663,8308996,6777,7479,13846,13196,10430,12165,8665,9978,1,1,1,1,1,1,1,1,1,1,1,1,1,1,1,1,1,1,1,1,1,1,1,1,1,1,1,1,1,1,1,1,1,1,1
2011,3,1025,2,1148865,1112074,1212383,1191946,395480,389350,167532,155461,563013,544811,700921,687312,533389,531851,481989,488351,9422418,9443251,227351,232702,72014,86424,369853,328086,7521732,8317561,8517885,6940,7559,13247,13725,10249,11866,9030,9708,1,1,1,1,1,1,1,1,1,1,1,1,1,1,1,1,1,1,1,1,1,1,1,1,1,1,1,1,1,1,1,1,1,1,1
2011,4,1025,2,995364,926048,1057229,1000003,316025,309502,159287,155839,475312,465342,634091,585699,474804,429860,423776,395821,9444448,9501573,169634,173477,74364,74024,329192,282647,7616492,8295473,8570372,6176,8570,13585,14303,10868,12031,12455,9666,1,1,1,1,1,1,1,1,1,1,1,1,1,1,1,1,1,1,1,1,1,1,1,1,1,1,1,1,1,1,1,1,1,1,1
2012,1,1025,2,1056945,932211,1113262,1007795,343508,338633,161558,154528,505066,493161,664677,565110,503119,410582,452048,368070,9500613,9607173,192286,196038,71896,77350,332916,283340,7791830,8505363,8526815,6668,8794,14118,14919,10999,12044,9871,12279,1,1,1,1,1,1,1,1,1,1,1,1,1,1,1,1,1,1,1,1,1,1,1,1,1,1,1,1,1,1,1,1,1,1,1
2012,2,1025,2,1201178,1080913,1262340,1163890,392657,387677,157211,177716,549868,565393,753466,659304,596255,481588,550924,437223,9606787,9705287,217947,222238,88159,73959,355292,336981,7716755,8549716,8545372,6400,8283,14872,13569,11502,11922,9458,9766,1,1,1,1,1,1,1,1,1,1,1,1,1,1,1,1,1,1,1,1,1,1,1,1,1,1,1,1,1,1,1,1,1,1,1
2012,3,1025,2,1202831,1160323,1268074,1243005,430562,425051,181732,167464,612295,592514,716735,698119,535002,530655,480379,483332,9705758,9731256,249842,254874,75620,92148,365820,315092,7687147,8504657,8737478,6864,7789,13585,13730,10462,12224,9289,10286,1,1,1,1,1,1,1,1,1,1,1,1,1,1,1,1,1,1,1,1,1,1,1,1,1,1,1,1,1,1,1,1,1,1,1
2012,4,1025,2,1080137,994241,1142005,1070844,354600,346516,171405,163835,526005,510351,676195,615566,504790,451731,451791,413318,9730699,9801199,190190,195498,78077,77973,346779,297029,7797737,8527946,8796496,6085,8408,13574,15264,10618,12091,11488,9621,1,1,1,1,1,1,1,1,1,1,1,1,1,1,1,1,1,1,1,1,1,1,1,1,1,1,1,1,1,1,1,1,1,1,1
2013,1,1025,2,1100528,1005030,1160418,1083825,368407,362604,169669,164848,538076,527452,681142,610726,511474,445877,458326,399458,9799939,9876492,203536,207921,74182,81050,339379,305243,7961530,8720653,8754938,6673,9441,15063,15039,11599,12200,10125,12192,1,1,1,1,1,1,1,1,1,1,1,1,1,1,1,1,1,1,1,1,1,1,1,1,1,1,1,1,1,1,1,1,1,1,1
2013,2,1025,2,1235945,1121687,1300237,1210485,408035,402879,166968,187818,575003,590697,769046,683489,602078,495671,554479,446895,9876225,9965465,222421,228183,93274,76301,350913,347626,7911181,8776262,8723220,6646,8118,14986,13967,11461,12193,9442,10097,1,1,1,1,1,1,1,1,1,1,1,1,1,1,1,1,1,1,1,1,1,1,1,1,1,1,1,1,1,1,1,1,1,1,1
2013,3,1025,2,1284728,1242809,1353284,1330598,471612,463786,191833,181188,663444,644974,753600,739460,561768,558272,503613,508629,9966720,9989817,272824,280254,81203,97952,385019,333931,7851646,8731271,8955713,6826,8087,13991,14133,10548,12247,9287,10429,1,1,1,1,1,1,1,1,1,1,1,1,1,1,1,1,1,1,1,1,1,1,1,1,1,1,1,1,1,1,1,1,1,1,1
2013,4,1025,2,1158539,1035151,1223812,1117570,386420,376027,185804,173386,572224,549413,718685,625559,532882,452172,473994,412181,9990520,10098062,202918,209495,81340,84090,365216,293798,7951909,8705674,9047566,6685,8674,13989,15387,10810,12359,11929,9759,1,1,1,1,1,1,1,1,1,1,1,1,1,1,1,1,1,1,1,1,1,1,1,1,1,1,1,1,1,1,1,1,1,1,1
2014,1,1025,2,1157219,1051489,1219841,1133652,400293,391012,181144,181610,581437,572622,703068,627258,521924,445648,465222,395324,10100443,10188068,215141,222167,80434,84994,342393,298375,8161708,8941742,9012022,7049,9261,15148,15771,11712,12664,10412,12693,1,1,1,1,1,1,1,1,1,1,1,1,1,1,1,1,1,1,1,1,1,1,1,1,1,1,1,1,1,1,1,1,1,1,1
2014,2,1025,2,1320388,1176429,1386161,1269086,453782,445735,185221,203241,639003,648976,804272,694621,619052,491380,567601,439602,10187936,10304896,243576,250517,98720,83148,358744,340680,8131265,9030337,8999570,6790,8735,15698,14449,11534,12396,9763,10328,1,1,1,1,1,1,1,1,1,1,1,1,1,1,1,1,1,1,1,1,1,1,1,1,1,1,1,1,1,1,1,1,1,1,1
2014,3,1025,2,1378610,1305412,1450646,1399069,526932,515955,209054,196748,735986,712704,787037,747268,577982,550519,514370,495630,10304556,10356067,297950,307628,86042,104292,390858,321406,8070860,8984340,9232488,7311,8682,14483,14677,10805,12912,9612,10977,1,1,1,1,1,1,1,1,1,1,1,1,1,1,1,1,1,1,1,1,1,1,1,1,1,1,1,1,1,1,1,1,1,1,1
2014,4,1025,2,1257589,1124724,1325762,1212545,452089,437819,203718,181547,655807,619366,747715,651060,543997,469513,479597,426656,10356476,10470471,234202,242686,84471,90251,366368,301254,8166296,8978186,9348253,6249,9046,14515,16079,11041,12440,12621,10019,1,1,1,1,1,1,1,1,1,1,1,1,1,1,1,1,1,1,1,1,1,1,1,1,1,1,1,1,1,1,1,1,1,1,1
2015,1,1025,2,1171532,1122647,1239360,1211333,419228,412968,189136,196223,608364,609191,696402,673248,507266,477025,447522,421056,10470636,10498473,222229,227481,84409,88131,332065,312639,8394084,9213258,9263469,7121,10239,15813,16230,12029,12498,11615,13075,1,1,1,1,1,1,1,1,1,1,1,1,1,1,1,1,1,1,1,1,1,1,1,1,1,1,1,1,1,1,1,1,1,1,1
2015,2,1025,2,1324278,1235740,1394340,1330361,459185,456677,196368,215470,655553,672147,802869,740185,606501,524715,555654,468910,10499453,10563198,248680,253621,106040,85687,349857,368929,8375748,9328188,9209733,6741,9397,16100,15040,11707,12320,10700,10532,1,1,1,1,1,1,1,1,1,1,1,1,1,1,1,1,1,1,1,1,1,1,1,1,1,1,1,1,1,1,1,1,1,1,1
2015,3,1025,2,1382771,1353369,1458604,1449958,525800,520827,217579,204980,743378,725807,792050,788344,574472,583364,510943,523674,10562769,10570728,298687,304670,93133,110106,385236,348416,8280790,9239195,9400218,7421,8988,15060,14822,10935,12998,9869,11598,1,1,1,1,1,1,1,1,1,1,1,1,1,1,1,1,1,1,1,1,1,1,1,1,1,1,1,1,1,1,1,1,1,1,1
2015,4,1025,2,1249780,1171408,1320119,1260030,442897,436239,208442,192552,651339,628791,749407,697789,540965,505237,476735,459055,10570268,10631682,234304,238739,91102,95242,368570,329766,8339554,9187882,9509383,6203,9370,14655,16465,11260,12101,12654,9614,1,1,1,1,1,1,1,1,1,1,1,1,1,1,1,1,1,1,1,1,1,1,1,1,1,1,1,1,1,1,1,1,1,1,1
2016,1,1025,2,1161817,1123213,1232329,1213226,403171,400800,197921,192835,601092,593636,702448,684823,504527,491987,443119,437019,10630300,10649606,216654,218703,83814,93477,329314,331110,8549757,9381191,9413481,6825,11237,16183,15757,12343,12390,11181,12792,1,1,1,1,1,1,1,1,1,1,1,1,1,1,1,1,1,1,1,1,1,1,1,1,1,1,1,1,1,1,1,1,1,1,1
2016,2,1025,2,1314698,1237101,1385672,1334164,445801,443898,193569,218525,639371,662423,805637,754206,612067,535682,559881,477483,10649883,10702301,240119,242884,109007,84658,349315,379120,8530530,9488645,9322916,7129,9341,15633,14805,11457,12682,9987,10796,1,1,1,1,1,1,1,1,1,1,1,1,1,1,1,1,1,1,1,1,1,1,1,1,1,1,1,1,1,1,1,1,1,1,1
2016,3,1025,2,1400903,1380026,1476745,1475869,529492,528137,219434,205767,748926,733905,807202,807618,587768,601851,523449,541990,10703458,10704721,302859,305922,93406,111729,398442,362487,8411604,9388786,9564015,7232,9061,14836,15401,10875,12434,10127,10854,1,1,1,1,1,1,1,1,1,1,1,1,1,1,1,1,1,1,1,1,1,1,1,1,1,1,1,1,1,1,1,1,1,1,1
2016,4,1025,2,1214764,1140955,1288400,1230292,418275,413522,208234,202112,626509,615634,739670,688923,531436,486811,465208,439039,10705056,10766321,215541,217932,95605,94830,355495,313535,8486517,9303871,9616231,6539,9768,15222,15989,11710,12699,13211,10396,1,1,1,1,1,1,1,1,1,1,1,1,1,1,1,1,1,1,1,1,1,1,1,1,1,1,1,1,1,1,1,1,1,1,1
2017,1,1025,2,1240853,1150553,1309906,1241772,437886,434210,206685,200187,644571,634398,744167,679462,537482,479275,473966,424030,10762489,10831877,235900,238689,89622,97488,350192,320626,8694175,9548782,9556412,7285,10319,15721,16696,11934,12795,10897,13290,1,1,1,1,1,1,1,1,1,1,1,1,1,1,1,1,1,1,1,1,1,1,1,1,1,1,1,1,1,1,1,1,1,1,1
2017,2,1025,2,1383065,1276165,1454684,1374558,483258,482961,200061,215971,683319,698932,835255,753201,635194,537230,578709,480162,10831904,10911779,261699,264240,104479,89996,366078,374502,8617440,9590613,9540062,7324,9423,16624,15219,12168,12802,10555,11023,1,1,1,1,1,1,1,1,1,1,1,1,1,1,1,1,1,1,1,1,1,1,1,1,1,1,1,1,1,1,1,1,1,1,1
2017,3,1025,2,1383014,1372420,1460512,1470402,531772,528837,216888,209733,748660,738570,786000,798911,569112,589178,505128,529635,10911882,10902871,302474,306291,92776,107049,380638,345167,8568618,9528781,9730666,7541,8871,15233,15250,11437,13216,10370,11386,1,1,1,1,1,1,1,1,1,1,1,1,1,1,1,1,1,1,1,1,1,1,1,1,1,1,1,1,1,1,1,1,1,1,1
2017,4,1025,2,1293177,1172462,1365589,1266667,455472,446657,214417,199001,669889,645658,775704,688543,561287,489542,494244,442348,10899099,10997975,236151,240634,92160,94781,378361,319405,8660949,9515769,9814761,6727,9391,15118,16507,11357,13078,12443,10879,1,1,1,1,1,1,1,1,1,1,1,1,1,1,1,1,1,1,1,1,1,1,1,1,1,1,1,1,1,1,1,1,1,1,1
2018,1,1025,2,1281042,1183196,1352851,1279138,469585,466192,204313,203728,673898,669920,750072,679379,545759,475651,479466,418607,10995170,11069030,252058,255434,89293,94336,355163,313301,8833427,9702808,9758798,7711,10355,16294,17360,12454,13518,11399,13532,1,1,1,1,1,1,1,1,1,1,1,1,1,1,1,1,1,1,1,1,1,1,1,1,1,1,1,1,1,1,1,1,1,1,1
2018,2,1025,2,1444322,1310705,1518663,1414367,520704,516079,204886,227923,725591,744002,854615,753382,649729,525458,592213,468191,11069106,11174706,278360,283528,111492,90860,373321,363903,8790929,9788371,9748819,7458,9726,17263,15724,12466,13310,10899,11393,1,1,1,1,1,1,1,1,1,1,1,1,1,1,1,1,1,1,1,1,1,1,1,1,1,1,1,1,1,1,1,1,1,1,1
2018,3,1025,2,1485430,1426846,1567677,1529958,580725,573825,233348,214335,814073,788161,835149,804485,601801,590149,533219,529736,11175622,11215416,327818,334269,94787,116427,404816,341384,8736253,9731033,10005702,8152,9331,15747,15743,11784,13773,10728,11902,1,1,1,1,1,1,1,1,1,1,1,1,1,1,1,1,1,1,1,1,1,1,1,1,1,1,1,1,1,1,1,1,1,1,1
2018,4,1025,2,1307685,1211011,1382343,1305255,482783,472150,218837,202660,701621,674809,763920,699723,545082,497063,477955,448506,11215675,11296256,249502,255228,94145,97345,366980,316044,8862674,9729336,10097853,7215,9699,15574,17068,11911,13676,13598,11421,1,1,1,1,1,1,1,1,1,1,1,1,1,1,1,1,1,1,1,1,1,1,1,1,1,1,1,1,1,1,1,1,1,1,1
2019,1,1025,2,1276839,1199137,1349174,1294267,475981,470649,209339,210005,685320,680654,739793,689936,530454,479931,466714,420770,11296987,11354511,256684,261373,92031,97095,348821,315909,9104787,9987062,10033188,7948,10965,16810,17873,13115,14078,12203,14437,1,1,1,1,1,1,1,1,1,1,1,1,1,1,1,1,1,1,1,1,1,1,1,1,1,1,1,1,1,1,1,1,1,1,1
2019,2,1025,2,1450510,1321756,1525572,1426142,522335,516770,212691,231728,735025,748498,858912,763381,646222,531653,589101,471400,11355041,11455558,281292,286738,114669,93973,371329,371702,9059739,10076685,9998387,8300,10058,17794,16209,13156,13887,11136,12062,1,1,1,1,1,1,1,1,1,1,1,1,1,1,1,1,1,1,1,1,1,1,1,1,1,1,1,1,1,1,1,1,1,1,1
2019,3,1025,2,1490932,1457926,1572725,1562073,589326,582432,236801,220480,826127,802912,830964,827765,594163,607285,525588,544729,11456131,11468724,335767,342477,92443,119097,401476,354938,8981061,10004164,10224020,8004,9572,16265,16323,12260,14336,11390,12081,1,1,1,1,1,1,1,1,1,1,1,1,1,1,1,1,1,1,1,1,1,1,1,1,1,1,1,1,1,1,1,1,1,1,1
2019,4,1025,2,1327517,1245821,1404243,1343326,486304,476849,225280,190338,711583,667186,778150,728345,552871,538007,482784,472467,11468466,11531546,244607,250631,92004,95571,336979,349426,9070695,9976166,10022153,7782,10701,16181,17686,12651,14402,13701,11821,1,1,1,1,1,1,1,1,1,1,1,1,1,1,1,1,1,1,1,1,1,1,1,1,1,1,1,1,1,1,1,1,1,1,1
2020,1,1025,2,1162106,1509921,1245308,1592852,448071,441608,197527,173257,645598,614865,666099,1021029,468572,847772,411743,795088,11532737,11186032,244953,250104,77337,95339,321832,591160,9085083,10204048,9892133,7705,9588,17674,18528,13562,13582,11774,13592,1,1,1,1,1,1,1,1,1,1,1,1,1,1,1,1,1,1,1,1,1,1,1,1,1,1,1,1,1,1,1,1,1,1,1
2020,2,1025,2,995818,1294462,1064983,1382575,288768,288273,175300,197671,464068,485944,653867,969174,478566,771503,428894,719899,11186056,10868882,158102,160932,100371,78872,286542,589145,8985687,10023589,9622926,8049,11627,18406,16067,14888,14855,12476,11802,1,1,1,1,1,1,1,1,1,1,1,1,1,1,1,1,1,1,1,1,1,1,1,1,1,1,1,1,1,1,1,1,1,1,1
2020,3,1025,2,1341265,1246663,1407908,1341328,435188,427833,199747,186497,634935,614330,843458,783997,643710,597501,597413,541659,10868466,10944362,256409,262758,94207,103654,442081,420772,8900521,9872442,9794070,8129,9477,16139,16554,11451,15234,10526,13553,1,1,1,1,1,1,1,1,1,1,1,1,1,1,1,1,1,1,1,1,1,1,1,1,1,1,1,1,1,1,1,1,1,1,1
2020,4,1025,2,1334386,1151026,1399211,1237702,421999,409956,190075,173855,612074,583811,854396,707596,664321,533741,596544,491391,10944030,11122287,219668,227417,81297,96522,465438,358967,8774338,9601510,10029370,7411,10806,16495,19071,12437,14941,16293,11739,1,1,1,1,1,1,1,1,1,1,1,1,1,1,1,1,1,1,1,1,1,1,1,1,1,1,1,1,1,1,1,1,1,1,1
2021,1,1025,2,1173857,1092158,1243909,1186934,391228,382798,181691,193662,572920,576460,723429,674151,541737,480489,475285,426821,11121505,11178209,199216,206017,80139,85135,356424,314289,8992802,9785454,9839766,9096,12631,18733,18377,14843,16157,13745,16937,1,1,1,1,1,1,1,1,1,1,1,1,1,1,1,1,1,1,1,1,1,1,1,1,1,1,1,1,1,1,1,1,1,1,1
2021,2,1025,2,1562734,1337964,1632657,1442626,552868,544857,196485,235773,749353,780630,938796,754685,742311,518912,687266,458640,11178726,11369869,305016,314206,116196,82794,446856,374785,8946825,10004009,9856242,8694,10631,18271,17716,13204,15461,11443,13825,1,1,1,1,1,1,1,1,1,1,1,1,1,1,1,1,1,1,1,1,1,1,1,1,1,1,1,1,1,1,1,1,1,1,1
2021,3,1025,2,1731291,1513365,1813759,1629108,648593,633632,241537,231709,890130,865340,1000633,832919,759096,601210,682683,536298,11370501,11557396,361272,374200,104121,122462,515815,354312,8737540,9805578,10146911,9620,10560,17876,18242,13317,16978,12015,14371,1,1,1,1,1,1,1,1,1,1,1,1,1,1,1,1,1,1,1,1,1,1,1,1,1,1,1,1,1,1,1,1,1,1,1
2021,4,1025,2,1590137,1409501,1668294,1514461,596782,580846,239795,232163,836577,813010,921804,785792,682009,553628,594157,499506,11556475,11711967,313507,325407,106961,109218,471743,355877,8818285,9822798,10425900,8326,12323,18018,20548,13969,16294,15047,13599,1,1,1,1,1,1,1,1,1,1,1,1,1,1,1,1,1,1,1,1,1,1,1,1,1,1,1,1,1,1,1,1,1,1,1
2022,1,1025,2,1458697,1285382,1539540,1399241,534560,524957,242316,231876,776876,756833,848948,717961,606632,486085,526432,425404,11712245,11853542,286627,295261,98836,112994,402557,309147,9185562,10120187,10394422,9617,13058,20121,20345,15856,17182,14624,17266,1,1,1,1,1,1,1,1,1,1,1,1,1,1,1,1,1,1,1,1,1,1,1,1,1,1,1,1,1,1,1,1,1,1,1
2022,2,1025,2,1704152,1458329,1786202,1580684,620601,610459,235902,263865,856503,874324,999512,803566,763610,539702,696803,475100,11853669,12061293,341703,351151,131919,102038,461595,371573,9267661,10392961,10444408,10209,11229,20126,18726,15255,17973,12477,15295,1,1,1,1,1,1,1,1,1,1,1,1,1,1,1,1,1,1,1,1,1,1,1,1,1,1,1,1,1,1,1,1,1,1,1
2022,3,1025,2,1767852,1616373,1859868,1740328,708155,698331,270126,237062,978281,935393,974576,865662,704450,628600,626347,563884,12060555,12183649,411005,420999,106867,138077,495842,362792,9210824,10353144,10865425,9807,10897,18816,19670,14404,16965,13176,14438,1,1,1,1,1,1,1,1,1,1,1,1,1,1,1,1,1,1,1,1,1,1,1,1,1,1,1,1,1,1,1,1,1,1,1
2022,4,1025,2,1430035,1318209,1519736,1429126,525148,516931,241688,231560,766837,748491,836250,757175,594561,525615,518033,473301,12183996,12277355,276473,281626,109866,109906,412283,336105,9460169,10411829,10964754,9152,12033,19484,20303,15285,17209,16315,14451,1,1,1,1,1,1,1,1,1,1,1,1,1,1,1,1,1,1,1,1,1,1,1,1,1,1,1,1,1,1,1,1,1,1,1
2023,1,1025,2,1418240,1311978,1501078,1421125,515022,511060,238682,223609,753704,734669,833928,757791,595246,534183,526024,475345,12276327,12357959,285686,290280,,113720,406661,365245,9846548,10843519,10959366,9676,12759,19970,21804,15225,16657,,17049,1,1,1,1,1,1,1,1,1,1,1,1,1,1,1,1,1,1,1,1,-1,1,1,1,1,1,1,1,1,1,1,1,1,-1,1
2023,2,1025,2,1548979,1398290,1634974,1519146,546156,541229,225604,,771760,,924265,811750,698661,,639036,,12357265,12477532,,,,,,,9846018,10936785,,,,21672,19297,,,,,1,1,1,1,1,1,1,-1,1,-1,1,1,1,-1,1,-1,1,1,-1,-1,-1,-1,-1,-1,1,1,-1,-1,-1,1,1,-1,5,-1,-1
